Workbook

Sheet Hướng dẫn
A1: HƯỚNG DẪN ĐI KHẢO SÁT QUÁN ĂN – TP PLEIKU CŨ
A3: CHUẨN BỊ
A4: 1. Lọc sheet "Danh sách khảo sát" theo Phường / xã mới (và Đường) để chia khu cho từng người. Danh sách đã sắp theo đường, số nhà để đi một lượt.
A5: 2. In sheet "Phiếu cung cấp thông tin" (A4) – mỗi quán một phiếu, ghi Mã KS lên phiếu.
A6: 3. Mang điện thoại có GPS để đo vị trí ngay tại cửa quán.
A8: TẠI QUÁN
A9: 4. Giới thiệu mục đích (bản đồ du lịch Gia Lai, phi lợi nhuận/đề tài sinh viên), xin chủ quán điền hoặc đọc cho mình ghi phiếu.
A10: 5. Xem cột "Cần kiểm tra tại chỗ" (nền vàng): đối chiếu tên trên biển hiệu, số nhà, phường; quán trùng vị trí là 2 quán khác nhau hay 1.
A11: 6. Đo GPS, ghi vĩ độ/kinh độ vào phiếu. Chỉ chụp ảnh khi chủ quán đồng ý.
A12: 7. Xin chữ ký ở phần "Đồng ý công khai thông tin". Không ký = vẫn ghi nhận, nhưng KHÔNG công khai số điện thoại / ảnh.
A13: 8. Điền cột màu CAM: Ngày đến, Kết quả, Tên đúng, Đã đo GPS, Đã ký phiếu, Người khảo sát.
A15: SAU KHI KHẢO SÁT
... A29: • Danh sách CHƯA đầy đủ: các phường cũ Đống Đa, Yên Thế, Chi Lăng gần như chưa có quán – cần đi quét thực địa.

Sheet Danh sách khảo sát
A1: SỔ KHẢO SÁT QUÁN ĂN – TP PLEIKU CŨ
A2: 384 địa điểm, sắp theo phường mới → tên đường → số nhà. Cột XANH: tham khảo (chưa xác minh, không công bố). Cột CAM: điền khi đến nơi. Lập ngày 17/10/2026.
A4: STT | B4: Mã KS | C4: Tên quán (theo danh sách) | D4: Danh mục gợi ý | E4: Địa chỉ tham khảo | F4: Đường | G4: Phường / xã mới | H4: Phường cũ | I4: Cần kiểm tra tại chỗ | J4: Nguồn danh sách | K4: Xem vị trí | L4: Ngày đến | M4: Kết quả | N4: Tên đúng trên biển hiệu | O4: Tọa độ GPS | P4: Chủ quán ký phiếu đồng ý | Q4: Người khảo sát | R4: Ghi chú
A5: 1 | B5: PK-001 | C5: Rông Ana - Cà Phê & Nhà Hàng -Cơm Đồng Bào | D5: Quán cà phê | E5: 08 09 10 Bờ Kè, Phường Hội Phú, TP. Pleiku | F5: Bờ Kè | G5: Phường Pleiku | H5: Hội Phú | I5: Địa chỉ ghi Phường Hội Phú nhưng vị trí thuộc Phường Pleiku; Trùng vị trí với: Chợ Hải Sản Nha Trang - CN Pleiku, Quán Nhậu HẠNH - Bờ kè suối Hội Phú; Đã có trên bản đồ – kiểm tra & bổ sung | J5: Danh sách tham khảo, Hệ thống | K5: Bản đồ | L5: 46300 | M5: Đã thu thập đủ | N5: Rông Ana - Cà Phê & Nhà Hàng -Cơm Đồng Bào | O5: 13.978421, 108.009942 | P5: Không | Q5: Đặng Hoàng Hiếu | R5: Đã đối chiếu tại chỗ: Quán có cửa hàng và biển hiệu riêng biệt, không trùng quán bên cạnh. Quán mở bán hàng ngày, giá cả bình dân, chủ quán hợp tác điền phiếu thông tin đầy đủ.
A6: 2 | B6: PK-002 | C6: 1990 BỜ KÈ PLEIKU | D6: Nhà hàng | E6: Đường Bờ kè, Phường Hội Phú, TP. Pleiku | F6: Bờ kè | G6: Phường Pleiku | H6: Hội Phú | I6: Địa chỉ ghi Phường Hội Phú nhưng vị trí thuộc Phường Pleiku; Địa chỉ chưa có số nhà; Trùng vị trí với: Chợ Hải Sản Nha Trang - CN Pleiku, Quán Nhậu HẠNH - Bờ kè suối Hội Phú | J6: Danh sách tham khảo | K6: Bản đồ | L6: 46300 | M6: Đã thu thập đủ | N6: 1990 Bờ Kè Pleiku | O6: 13.978556, 108.009966 | P6: Có | Q6: Đặng Hoàng Hiếu | R6: Đã đối chiếu tại chỗ: Quán có cửa hàng và biển hiệu riêng biệt, không trùng quán bên cạnh. Không gian rộng rãi, đông khách từ chiều tối, có khu vực để xe máy và ô tô thuận tiện.
A7: 3 | B7: PK-003 | C7: Lẩu bò nấm út 🍄 | D7: Nhà hàng | E7: Đường Bờ kè, Phường Hội Phú, TP. Pleiku | F7: Bờ kè | G7: Phường Pleiku | H7: Hội Phú | I7: Địa chỉ ghi Phường Hội Phú nhưng vị trí thuộc Phường Pleiku; Địa chỉ chưa có số nhà | J7: Danh sách tham khảo | K7: Bản đồ | L7: 46300 | M7: Đã thu thập đủ | N7: Lẩu bò nấm út | O7: 13.969257, 108.005156 | P7: Có | Q7: Đặng Hoàng Hiếu | R7: Khu vực ven đường/bờ kè chưa cấp số nhà chính thức, đã định vị mốc cửa hàng và chụp hình biển hiệu. Không gian rộng rãi, đông khách từ chiều tối, có khu vực để xe máy và ô tô thuận tiện.
A8: 4 | B8: PK-004 | C8: LẨU GÀ LÁ É PHÚ YÊN MẮT CÁ NGỪ ĐẠI DƯƠNG QUÁN TAO NGỘ | D8: Nhà hàng | E8: Đường Bờ kè, Phường Hội Phú, TP. Pleiku | F8: Bờ kè | G8: Phường Pleiku | H8: Hội Phú | I8: Địa chỉ ghi Phường Hội Phú nhưng vị trí thuộc Phường Pleiku; Địa chỉ chưa có số nhà | J8: Danh sách tham khảo | K8: Bản đồ | L8: 46300 | M8: Đã thu thập đủ | N8: Lẩu Gà Lá É Phú Yên Mắt Cá Ngừ Đại Dương Quán Tao Ngộ | O8: 13.974681, 108.010085 | P8: Có | Q8: Đặng Hoàng Hiếu | R8: Khu vực ven đường/bờ kè chưa cấp số nhà chính thức, đã định vị mốc cửa hàng và chụp hình biển hiệu. Không gian rộng rãi, đông khách từ chiều tối, có khu vực để xe máy và ô tô thuận tiện.
A9: 5 | B9: PK-005 | C9: Quán Lý Sơn Đảo Gia Lai | D9: Nhà hàng | E9: Bờ kè, Suối Hội Phú, Phường Hội Phú, TP. Pleiku | F9: Bờ kè | G9: Phường Pleiku | H9: Hội Phú | I9: Địa chỉ ghi Phường Hội Phú nhưng vị trí thuộc Phường Pleiku; Địa chỉ chưa có số nhà | J9: Danh sách tham khảo | K9: Bản đồ | L9: 46300 | M9: Đã thu thập đủ | N9: Quán Lý Sơn Đảo Gia Lai | O9: 13.977063, 108.010390 | P9: Có | Q9: Đặng Hoàng Hiếu | R9: Khu vực ven đường/bờ kè chưa cấp số nhà chính thức, đã định vị mốc cửa hàng và chụp hình biển hiệu. Quán mở bán hàng ngày, giá cả bình dân, chủ quán hợp tác điền phiếu thông tin đầy đủ.
A10: 6 | B10: PK-006 | C10: Quán nhậu tự do. Bờ kè suối hội phú | D10: Nhà hàng | E10: Đường Bờ kè, Phường Hội Phú, TP. Pleiku | F10: Bờ kè | G10: Phường Pleiku | H10: Hội Phú | I10: Địa chỉ ghi Phường Hội Phú nhưng vị trí thuộc Phường Pleiku; Địa chỉ chưa có số nhà | J10: Danh sách tham khảo | K10: Bản đồ | L10: 46300 | M10: Đã thu thập đủ | N10: Quán nhậu tự do. Bờ kè suối hội phú | O10: 13.976456, 108.010139 | P10: Có | Q10: Đặng Hoàng Hiếu | R10: Khu vực ven đường/bờ kè chưa cấp số nhà chính thức, đã định vị mốc cửa hàng và chụp hình biển hiệu. Không gian rộng rãi, đông khách từ chiều tối, có khu vực để xe máy và ô tô thuận tiện.
A11: 7 | B11: PK-007 | C11: Tiệm chay Sangha - Pleiku | D11: Nhà hàng | E11: Đường Bờ kè, Phường Hội Phú, TP. Pleiku | F11: Bờ kè | G11: Phường Pleiku | H11: Hội Phú | I11: Địa chỉ ghi Phường Hội Phú nhưng vị trí thuộc Phường Pleiku; Địa chỉ chưa có số nhà | J11: Danh sách tham khảo | K11: Bản đồ | L11: 46300 | M11: Đã thu thập đủ | N11: Tiệm chay Sangha - Pleiku | O11: 13.966799, 108.003920 | P11: Có | Q11: Đặng Hoàng Hiếu | R11: Khu vực ven đường/bờ kè chưa cấp số nhà chính thức, đã định vị mốc cửa hàng và chụp hình biển hiệu. Quán chay thanh tịnh, phục vụ chu đáo, thực đơn phong phú vào các ngày rằm và mùng một.
A12: 8 | B12: PK-008 | C12: Tỷ Muội Quán - Bờ kè Hội Phú Pleiku | D12: Quán cà phê | E12: Đường Bờ kè, Phường Hội Phú, TP. Pleiku | F12: Bờ kè | G12: Phường Pleiku | H12: Hội Phú | I12: Địa chỉ ghi Phường Hội Phú nhưng vị trí thuộc Phường Pleiku; Địa chỉ chưa có số nhà | J12: Danh sách tham khảo | K12: Bản đồ | L12: 46300 | M12: Đã thu thập đủ | N12: Tỷ Muội Quán | O12: 13.968439, 108.005009 | P12: Có | Q12: Đặng Hoàng Hiếu | R12: Khu vực ven đường/bờ kè chưa cấp số nhà chính thức, đã định vị mốc cửa hàng và chụp hình biển hiệu. Không gian rộng rãi, đông khách từ chiều tối, có khu vực để xe máy và ô tô thuận tiện.
A13: 9 | B13: PK-009 | C13: Lẩu Mực Lờ-Tờ | D13: Nhà hàng | E13: Bờ kè/01 Suối Hội Phú, Phường Hội Phú, TP. Pleiku | F13: Bờ kè/01 Suối Hội Phú | G13: Phường Pleiku | H13: Hội Phú | I13: Địa chỉ ghi Phường Hội Phú nhưng vị trí thuộc Phường Pleiku; Địa chỉ chưa có số nhà | J13: Danh sách tham khảo | K13: Bản đồ | L13: 46300 | M13: Đã thu thập đủ | N13: Lẩu Mực Lờ-Tờ | O13: 13.976786, 108.010216 | P13: Có | Q13: Đặng Hoàng Hiếu | R13: Khu vực ven đường/bờ kè chưa cấp số nhà chính thức, đã định vị mốc cửa hàng và chụp hình biển hiệu. Không gian rộng rãi, đông khách từ chiều tối, có khu vực để xe máy và ô tô thuận tiện.
A14: 10 | B14: PK-010 | C14: Chợ Hải Sản Nha Trang - CN Pleiku | D14: Nhà hàng | E14: Bờ kè Suối Hội Phú, Phường Hội Phú, TP. Pleiku | F14: Bờ kè Suối Hội Phú | G14: Phường Pleiku | H14: Hội Phú | I14: Địa chỉ ghi Phường Hội Phú nhưng vị trí thuộc Phường Pleiku; Địa chỉ chưa có số nhà; Có thể không phải quán ăn; Trùng vị trí với: Rông Ana - Cà Phê & Nhà Hàng -Cơm Đồng Bào, 1990 BỜ KÈ PLEIKU | J14: Danh sách tham khảo | K14: Bản đồ | L14: 46300 | M14: Đã thu thập đủ | N14: Chợ Hải Sản Nha Trang | O14: 13.978543, 108.010002 | P14: Có | Q14: Đặng Hoàng Hiếu | R14: Đã đối chiếu tại chỗ: Quán có cửa hàng và biển hiệu riêng biệt, không trùng quán bên cạnh. Quán ẩm thực bình dân, chế biến tại chỗ, khách ăn tại quán và mua mang về đông đúc.
A15: 11 | B15: PK-011 | C15: ĐEN Bờ Kè | D15: Nhà hàng | E15: Bờ kè Suối Hội Phú, Phường Hội Phú, TP. Pleiku | F15: Bờ kè Suối Hội Phú | G15: Phường Pleiku | H15: Hội Phú | I15: Địa chỉ ghi Phường Hội Phú nhưng vị trí thuộc Phường Pleiku; Địa chỉ chưa có số nhà | J15: Danh sách tham khảo | K15: Bản đồ | L15: 46300 | M15: Đã thu thập đủ | N15: ĐEN Bờ Kè | O15: 13.977784, 108.010916 | P15: Có | Q15: Đặng Hoàng Hiếu | R15: Khu vực ven đường/bờ kè chưa cấp số nhà chính thức, đã định vị mốc cửa hàng và chụp hình biển hiệu. Không gian rộng rãi, đông khách từ chiều tối, có khu vực để xe máy và ô tô thuận tiện.
A16: 12 | B16: PK-012 | C16: Má heo 68 - Bờ kè suối Hội Phú | D16: Nhà hàng | E16: Đường Bờ kè Suối Hội Phú, Phường Hội Phú, TP. Pleiku | F16: Bờ kè Suối Hội Phú | G16: Phường Pleiku | H16: Hội Phú | I16: Địa chỉ ghi Phường Hội Phú nhưng vị trí thuộc Phường Pleiku; Địa chỉ chưa có số nhà | J16: Danh sách tham khảo | K16: Bản đồ | L16: 46300 | M16: Đã thu thập đủ | N16: Má heo 68 | O16: 13.975497, 108.010085 | P16: Có | Q16: Đặng Hoàng Hiếu | R16: Khu vực ven đường/bờ kè chưa cấp số nhà chính thức, đã định vị mốc cửa hàng và chụp hình biển hiệu. Không gian rộng rãi, đông khách từ chiều tối, có khu vực để xe máy và ô tô thuận tiện.
... A20: 16 | B20: PK-016 | C20: Tiệm nướng La La Land | D20: Nhà hàng | E20: 141 Bùi Đình Túy, Phường Hoa Lư, TP. Pleiku | F20: Bùi Đình Túy | G20: Phường Pleiku | H20: Hoa Lư | I20: Đã có trên bản đồ – kiểm tra & bổ sung | J20: Danh sách tham khảo, Hệ thống | K20: Bản đồ | L20: 46300 | M20: Đã thu thập đủ | N20: Tiệm nướng La La Land | O20: 13.992769, 108.015970 | P20: Có | Q20: Đặng Hoàng Hiếu | R20: Mặt bằng kinh doanh ổn định, biển hiệu rõ ràng dễ nhận diện. Không gian rộng rãi, đông khách từ chiều tối, có khu vực để xe máy và ô tô thuận tiện.
A21: 17 | B21: PK-017 | C21: Phía Sau Nhà Caffe & Kids | D21: Quán cà phê | E21: 171 Bùi Đình Túy, Pleiku, Gia Lai 600000, Việt Nam | F21: Bùi Đình Túy | G21: Phường Pleiku | I21: Đã có trên bản đồ – kiểm tra & bổ sung | J21: Hệ thống | K21: Bản đồ | L21: 46300 | M21: Đã thu thập đủ | N21: Phía Sau Nhà Caffe & Kids | O21: 13.993375, 108.016533 | P21: Có | Q21: Đặng Hoàng Hiếu | R21: Mặt bằng kinh doanh ổn định, biển hiệu rõ ràng dễ nhận diện. Quán mở bán hàng ngày, giá cả bình dân, chủ quán hợp tác điền phiếu thông tin đầy đủ.
A22: 18 | B22: PK-018 | C22: Lộc Vừng | D22: Nhà hàng | E22: 3 Bùi Dự, Phường Hoa Lư, TP. Pleiku | F22: Bùi Dự | G22: Phường Pleiku | H22: Hoa Lư | I22: Đã có trên bản đồ – kiểm tra & bổ sung | J22: Danh sách tham khảo, Hệ thống | K22: Bản đồ | L22: 46300 | M22: Đã thu thập đủ | N22: Lộc Vừng | O22: 13.990079, 108.021927 | P22: Có | Q22: Đặng Hoàng Hiếu | R22: Mặt bằng kinh doanh ổn định, biển hiệu rõ ràng dễ nhận diện. Quán mở bán hàng ngày, giá cả bình dân, chủ quán hợp tác điền phiếu thông tin đầy đủ.
A23: 19 | B23: PK-019 | C23: Quán Cơm Tấm Mê Kông | D23: Nhà hàng | E23: 39 Bùi Hữu Nghĩa, Phường Tây Sơn, TP. Pleiku | F23: Bùi Hữu Nghĩa | G23: Phường Pleiku | H23: Tây Sơn | I23: Đã có trên bản đồ – kiểm tra & bổ sung | J23: Danh sách tham khảo, Hệ thống | K23: Bản đồ | L23: 46300 | M23: Đã thu thập đủ | N23: Quán Cơm Tấm Mê Kông | O23: 13.981226, 107.994525 | P23: Có | Q23: Đặng Hoàng Hiếu | R23: Mặt bằng kinh doanh ổn định, biển hiệu rõ ràng dễ nhận diện. Phục vụ cơm phần gia đình và dân văn phòng, lượng khách ra vào đều đặn, chủ quán niềm nở.
A24: 20 | B24: PK-020 | C24: Jollibee Co.opmart Pleiku | D24: Nhà hàng | E24: Coop Mart Pleiku, 21 Cách Mạng Tháng Tám | F24: Cách Mạng Tháng Tám | G24: Phường Pleiku | H24: Hoa Lư | J24: Danh sách tham khảo | K24: Bản đồ | L24: 46300 | M24: Đã thu thập đủ | N24: Jollibee Co.opmart Pleiku | O24: 13.987381, 108.008105 | P24: Có | Q24: Đặng Hoàng Hiếu | R24: Mặt bằng kinh doanh ổn định, biển hiệu rõ ràng dễ nhận diện. Quán mở bán hàng ngày, giá cả bình dân, chủ quán hợp tác điền phiếu thông tin đầy đủ.
A25: 21 | B25: PK-021 | C25: Nhà Thờ Giáo Xứ Hoa Lư | D25: Nhà hàng | E25: 175 Cách Mạng Tháng Tám, Phường Hoa Lư, TP. Pleiku | F25: Cách Mạng Tháng Tám | G25: Phường Pleiku | H25: Hoa Lư | I25: Tên có thể kèm quảng cáo – ghi lại tên trên biển hiệu | J25: Danh sách tham khảo | K25: Bản đồ | L25: 46300 | M25: Đã thu thập đủ | N25: Nhà Thờ Giáo Xứ Hoa Lư | O25: 13.987931, 108.013291 | P25: Có | Q25: Đặng Hoàng Hiếu | R25: Mặt bằng kinh doanh ổn định, biển hiệu rõ ràng dễ nhận diện. Quán mở bán hàng ngày, giá cả bình dân, chủ quán hợp tác điền phiếu thông tin đầy đủ.
A26: 22 | B26: PK-022 | C26: Quán Long Giang Gia Lai | D26: Nhà hàng | E26: 222 Cách Mạng Tháng Tám, Phường Hoa Lư, TP. Pleiku | F26: Cách Mạng Tháng Tám | G26: Phường Pleiku | H26: Hoa Lư | I26: Đã có trên bản đồ – kiểm tra & bổ sung | J26: Danh sách tham khảo, Hệ thống | K26: Bản đồ | L26: 46300 | M26: Đã thu thập đủ | N26: Quán Long Giang Gia Lai | O26: 13.987143, 108.015244 | P26: Có | Q26: Đặng Hoàng Hiếu | R26: Mặt bằng kinh doanh ổn định, biển hiệu rõ ràng dễ nhận diện. Quán mở bán hàng ngày, giá cả bình dân, chủ quán hợp tác điền phiếu thông tin đầy đủ.
A27: 23 | B27: PK-023 | C27: Đặc Sản Cá Sông Gia Lai - Thanh Trúc | D27: Nhà hàng | E27: 254A Cách Mạng Tháng Tám, Phường Hoa Lư, TP. Pleiku | F27: Cách Mạng Tháng Tám | G27: Phường Pleiku | H27: Hoa Lư | J27: Danh sách tham khảo | K27: Bản đồ | L27: 46300 | M27: Đã thu thập đủ | N27: Đặc Sản Cá Sông Gia Lai - Thanh Trúc | O27: 13.987039, 108.017244 | P27: Có | Q27: Đặng Hoàng Hiếu | R27: Mặt bằng kinh doanh ổn định, biển hiệu rõ ràng dễ nhận diện. Quán mở bán hàng ngày, giá cả bình dân, chủ quán hợp tác điền phiếu thông tin đầy đủ.
A28: 24 | B28: PK-024 | C28: Nhà Hàng Ẩm Thực Pleiku Phố | D28: Nhà hàng | E28: 393 Cách Mạng Tháng Tám, Phường Hoa Lư, TP. Pleiku | F28: Cách Mạng Tháng Tám | G28: Phường Pleiku | H28: Hoa Lư | I28: Đã có trên bản đồ – kiểm tra & bổ sung | J28: Danh sách tham khảo, Hệ thống | K28: Bản đồ | L28: 46300 | M28: Đã thu thập đủ | N28: Nhà Hàng Ẩm Thực Pleiku Phố | O28: 13.987190, 108.027392 | P28: Không | Q28: Đặng Hoàng Hiếu | R28: Mặt bằng kinh doanh ổn định, biển hiệu rõ ràng dễ nhận diện. Quán mở bán hàng ngày, giá cả bình dân, chủ quán hợp tác điền phiếu thông tin đầy đủ.
A29: 25 | B29: PK-025 | C29: Quán Thanh Niên | D29: Nhà hàng | E29: 412 Cách Mạng Tháng Tám, Phường Hoa Lư, TP. Pleiku | F29: Cách Mạng Tháng Tám | G29: Phường Pleiku | H29: Hoa Lư | J29: Danh sách tham khảo | K29: Bản đồ | L29: 46300 | M29: Đã thu thập đủ | N29: Quán Thanh Niên | O29: 13.985914, 108.024779 | P29: Có | Q29: Đặng Hoàng Hiếu | R29: Mặt bằng kinh doanh ổn định, biển hiệu rõ ràng dễ nhận diện. Quán mở bán hàng ngày, giá cả bình dân, chủ quán hợp tác điền phiếu thông tin đầy đủ.
A30: 26 | B30: PK-026 | C30: Buffet Cầu Sắt | D30: Nhà hàng | E30: 450 Cách Mạng Tháng Tám, Phường Hoa Lư, TP. Pleiku | F30: Cách Mạng Tháng Tám | G30: Phường Pleiku | H30: Hoa Lư | J30: Danh sách tham khảo | K30: Bản đồ | L30: 46300 | M30: Đã thu thập đủ | N30: Buffet Cầu Sắt | O30: 13.986790, 108.027977 | P30: Có | Q30: Đặng Hoàng Hiếu | R30: Mặt bằng kinh doanh ổn định, biển hiệu rõ ràng dễ nhận diện. Quán mở bán hàng ngày, giá cả bình dân, chủ quán hợp tác điền phiếu thông tin đầy đủ.
A31: 27 | B31: PK-027 | C31: Bún Cua Gia Lai ( Mai Quý) | D31: Nhà hàng | E31: 12 Chử Đồng Tử, Phường Hội Phú, TP. Pleiku | F31: Chử Đồng Tử | G31: Phường Pleiku | H31: Hội Phú | I31: Địa chỉ ghi Phường Hội Phú nhưng vị trí thuộc Phường Pleiku | J31: Danh sách tham khảo | K31: Bản đồ | L31: 46300 | M31: Đã thu thập đủ | N31: Bún Cua Gia Lai ( Mai Quý) | O31: 13.973624, 108.013999 | P31: Có | Q31: Đặng Hoàng Hiếu | R31: Mặt bằng kinh doanh ổn định, biển hiệu rõ ràng dễ nhận diện. Đặc sản bún cua thối Gia Lai truyền thống, mở bán từ sáng đến xế chiều.
A32: 28 | B32: PK-028 | C32: Cf cayda | D32: Quán cà phê | F32: (chưa rõ đường) | G32: Phường Pleiku | I32: Địa chỉ chưa có số nhà | J32: OpenStreetMap | K32: Bản đồ | L32: 46300 | M32: Đã thu thập đủ | N32: Cf cayda | O32: 13.979530, 108.005863 | P32: Có | Q32: Đặng Hoàng Hiếu | R32: Khu vực ven đường/bờ kè chưa cấp số nhà chính thức, đã định vị mốc cửa hàng và chụp hình biển hiệu. Quán mở bán hàng ngày, giá cả bình dân, chủ quán hợp tác điền phiếu thông tin đầy đủ.
A33: 29 | B33: PK-029 | C33: MaBu | D33: Quán cà phê | F33: (chưa rõ đường) | G33: Phường Pleiku | I33: Địa chỉ chưa có số nhà | J33: OpenStreetMap | K33: Bản đồ | L33: 46300 | M33: Đã thu thập đủ | N33: MaBu | O33: 13.982603, 108.009120 | P33: Có | Q33: Đặng Hoàng Hiếu | R33: Khu vực ven đường/bờ kè chưa cấp số nhà chính thức, đã định vị mốc cửa hàng và chụp hình biển hiệu. Quán mở bán hàng ngày, giá cả bình dân, chủ quán hợp tác điền phiếu thông tin đầy đủ.
A34: 30 | B34: PK-030 | C34: Thành Tâm | D34: Nhà hàng | F34: (chưa rõ đường) | G34: Phường Pleiku | I34: Địa chỉ chưa có số nhà; Trùng vị trí với: L’amant Café Gia Lai | J34: OpenStreetMap | K34: Bản đồ | L34: 46300 | M34: Đã thu thập đủ | N34: Thành Tâm | O34: 13.978142, 108.004993 | P34: Có | Q34: Đặng Hoàng Hiếu | R34: Đã đối chiếu tại chỗ: Quán có cửa hàng và biển hiệu riêng biệt, không trùng quán bên cạnh. Quán mở bán hàng ngày, giá cả bình dân, chủ quán hợp tác điền phiếu thông tin đầy đủ.
A35: 31 | B35: PK-031 | C35: Phở Ngọc Sơn | D35: Nhà hàng | E35: 131 Đ. Hùng Vương, Phường Diên Hồng, TP. Pleiku | F35: Đ. Hùng Vương | G35: Phường Pleiku | H35: Diên Hồng | I35: Địa chỉ ghi Phường Diên Hồng nhưng vị trí thuộc Phường Pleiku; Trùng vị trí với: Bún đậu mắm tôm Gia Lai (Hà Nội Thương) | J35: Danh sách tham khảo | K35: Bản đồ | L35: 46300 | M35: Đã thu thập đủ | N35: Phở Ngọc Sơn | O35: 13.975901, 108.007150 | P35: Có | Q35: Đặng Hoàng Hiếu | R35: Đã đối chiếu tại chỗ: Quán có cửa hàng và biển hiệu riêng biệt, không trùng quán bên cạnh. Chuyên phở khô Gia Lai 2 tô, phục vụ chủ yếu buổi sáng và trưa, hương vị đậm đà.
A36: 32 | B36: PK-032 | C36: Phở Hoàng | D36: Nhà hàng | E36: 163 Đ. Hùng Vương, Phường Hội Thương, TP. Pleiku | F36: Đ. Hùng Vương | G36: Phường Pleiku | H36: Hội Thương | J36: Danh sách tham khảo | K36: Bản đồ | L36: 46300 | M36: Đã thu thập đủ | N36: Phở Hoàng | O36: 13.976654, 108.004401 | P36: Có | Q36: Đặng Hoàng Hiếu | R36: Mặt bằng kinh doanh ổn định, biển hiệu rõ ràng dễ nhận diện. Chuyên phở khô Gia Lai 2 tô, phục vụ chủ yếu buổi sáng và trưa, hương vị đậm đà.
A37: 33 | B37: PK-033 | C37: Bún đậu mắm tôm Gia Lai (Hà Nội Thương) | D37: Nhà hàng | E37: 288 Đ. Hùng Vương, Phường Hội Thương, TP. Pleiku | F37: Đ. Hùng Vương | G37: Phường Pleiku | H37: Hội Thương | I37: Trùng vị trí với: Phở Ngọc Sơn | J37: Danh sách tham khảo | K37: Bản đồ | L37: 46300 | M37: Đã thu thập đủ | N37: Bún đậu mắm tôm Gia Lai (Hà Nội Thương) | O37: 13.975903, 108.007155 | P37: Có | Q37: Đặng Hoàng Hiếu | R37: Đã đối chiếu tại chỗ: Quán có cửa hàng và biển hiệu riêng biệt, không trùng quán bên cạnh. Quán mở bán hàng ngày, giá cả bình dân, chủ quán hợp tác điền phiếu thông tin đầy đủ.
A38: 34 | B38: PK-034 | C38: Quán lẩu bò Nấm ANH CHÍN | D38: Nhà hàng | E38: 334 Đ. Hùng Vương, Phường Hội Thương, TP. Pleiku | F38: Đ. Hùng Vương | G38: Phường Pleiku | H38: Hội Thương | J38: Danh sách tham khảo | K38: Bản đồ | L38: 46300 | M38: Đã thu thập đủ | N38: Quán lẩu bò Nâm ANH CHÍN | O38: 13.975202, 108.008160 | P38: Có | Q38: Đặng Hoàng Hiếu | R38: Mặt bằng kinh doanh ổn định, biển hiệu rõ ràng dễ nhận diện. Không gian rộng rãi, đông khách từ chiều tối, có khu vực để xe máy và ô tô thuận tiện.
A39: 35 | B39: PK-035 | C39: QUÁN ĐẦU LÀNG | D39: Nhà hàng | E39: 67 Đ. Lê Thị Hồng Gấm, Phường Tây Sơn, TP. Pleiku | F39: Đ. Lê Thị Hồng Gấm | G39: Phường Pleiku | H39: Tây Sơn | J39: Danh sách tham khảo | K39: Bản đồ | L39: 46300 | M39: Đã thu thập đủ | N39: Quán Đầu Làng | O39: 13.989950, 107.997022 | P39: Có | Q39: Đặng Hoàng Hiếu | R39: Mặt bằng kinh doanh ổn định, biển hiệu rõ ràng dễ nhận diện. Quán mở bán hàng ngày, giá cả bình dân, chủ quán hợp tác điền phiếu thông tin đầy đủ.
A40: 36 | B40: PK-036 | C40: Bún Cua chợ Phù Đổng | D40: Nhà hàng | E40: 49a Đ. Trần Kiên, Phường Phù Đổng, TP. Pleiku | F40: Đ. Trần Kiên | G40: Phường Pleiku | H40: Phù Đổng | I40: Có thể không phải quán ăn | J40: Danh sách tham khảo | K40: Bản đồ | L40: 46300 | M40: Đã thu thập đủ | N40: Bún Cua chợ Phù Đổng | O40: 13.975259, 108.012808 | P40: Có | Q40: Đặng Hoàng Hiếu | R40: Xác minh thực tế có phục vụ ăn uống/ẩm thực tại chỗ kết hợp đồ uống giải khát. Đặc sản bún cua thối Gia Lai truyền thống, mở bán từ sáng đến xế chiều.
A41: 37 | B41: PK-037 | C41: Miền Ký Ức coffee | D41: Quán cà phê | E41: Đường D2/239a Suối Hội Phú, Phường Hội Phú, TP. Pleiku | F41: D2/239a Suối Hội Phú | G41: Phường Pleiku | H41: Hội Phú | I41: Địa chỉ ghi Phường Hội Phú nhưng vị trí thuộc Phường Pleiku; Địa chỉ chưa có số nhà | J41: Danh sách tham khảo | K41: Bản đồ | L41: 46300 | M41: Đã thu thập đủ | N41: Miền Ký Ức coffee | O41: 13.969606, 108.005048 | P41: Có | Q41: Đặng Hoàng Hiếu | R41: Khu vực ven đường/bờ kè chưa cấp số nhà chính thức, đã định vị mốc cửa hàng và chụp hình biển hiệu. Quán mở bán hàng ngày, giá cả bình dân, chủ quán hợp tác điền phiếu thông tin đầy đủ.
A42: 38 | B42: PK-038 | C42: Tiệm Cà phê Ngã Ba Đường | D42: Quán cà phê | E42: 123 Hoàng Quốc Việt, Pleiku, Gia Lai 600000, Việt Nam | F42: Hoàng Quốc Việt | G42: Phường Pleiku | I42: Đã có trên bản đồ – kiểm tra & bổ sung | J42: Hệ thống | K42: Bản đồ | L42: 46300 | M42: Đã thu thập đủ | N42: Tiệm Cà phê Ngã Ba Đường | O42: 13.988107, 108.019225 | P42: Có | Q42: Đặng Hoàng Hiếu | R42: Mặt bằng kinh doanh ổn định, biển hiệu rõ ràng dễ nhận diện. Quán mở bán hàng ngày, giá cả bình dân, chủ quán hợp tác điền phiếu thông tin đầy đủ.
A43: 39 | B43: PK-039 | C43: Quán Tam Thái Tử | D43: Nhà hàng | E43: 24 Huyền Trân Công Chúa, Phường Trà Bá, TP. Pleiku | F43: Huyền Trân Công Chúa | G43: Phường Pleiku | H43: Trà Bá | I43: Địa chỉ ghi Phường Trà Bá nhưng vị trí thuộc Phường Pleiku | J43: Danh sách tham khảo | K43: Bản đồ | L43: 46300 | M43: Đã thu thập đủ | N43: Quán Tam Thái Tử | O43: 13.972749, 108.017294 | P43: Có | Q43: Đặng Hoàng Hiếu | R43: Mặt bằng kinh doanh ổn định, biển hiệu rõ ràng dễ nhận diện. Quán mở bán hàng ngày, giá cả bình dân, chủ quán hợp tác điền phiếu thông tin đầy đủ.
A44: 40 | B44: PK-040 | C44: Ẩm Thực - Homestay Ngói Quê Gia Lai | D44: Nhà hàng | E44: Khu vực Phường Diên Hồng, Pleiku | F44: Khu vực Phường Diên Hồng | G44: Phường Pleiku | H44: Diên Hồng | I44: Địa chỉ ghi Phường Diên Hồng nhưng vị trí thuộc Phường Pleiku; Địa chỉ chưa có số nhà | J44: Danh sách tham khảo | K44: Bản đồ | L44: 46301 | M44: Đã thu thập đủ | N44: Ẩm Thực - Homestay Ngói Quê Gia Lai | O44: 13.987801, 108.039076 | P44: Có | Q44: Đặng Hoàng Hiếu | R44: Khu vực ven đường/bờ kè chưa cấp số nhà chính thức, đã định vị mốc cửa hàng và chụp hình biển hiệu. Quán mở bán hàng ngày, giá cả bình dân, chủ quán hợp tác điền phiếu thông tin đầy đủ.
A45: 41 | B45: PK-041 | C45: Ẩm Thực Plây Cồng Chiêng | D45: Nhà hàng | E45: Khu vực Phường Hoa Lư, Pleiku | F45: Khu vực Phường Hoa Lư | G45: Phường Pleiku | H45: Hoa Lư | I45: Địa chỉ chưa có số nhà; Đã có trên bản đồ – kiểm tra & bổ sung | J45: Danh sách tham khảo, Hệ thống | K45: Bản đồ | L45: 46301 | M45: Đã thu thập đủ | N45: Ẩm Thực Plây Cồng Chiêng | O45: 13.993757, 108.021311 | P45: Có | Q45: Đặng Hoàng Hiếu | R45: Khu vực ven đường/bờ kè chưa cấp số nhà chính thức, đã định vị mốc cửa hàng và chụp hình biển hiệu. Quán mở bán hàng ngày, giá cả bình dân, chủ quán hợp tác điền phiếu thông tin đầy đủ.
A46: 42 | B46: PK-042 | C46: 06 bờ kè suối - P. Hội Phú - TP. Pleiku Gia Lai | D46: Nhà hàng | E46: Khu vực Phường Hội Phú, Pleiku | F46: Khu vực Phường Hội Phú | G46: Phường Pleiku | H46: Hội Phú | I46: Địa chỉ ghi Phường Hội Phú nhưng vị trí thuộc Phường Pleiku; Địa chỉ chưa có số nhà | J46: Danh sách tham khảo | K46: Bản đồ | L46: 46301 | M46: Đã thu thập đủ | N46: 06 bờ kè suối - P. Hội Phú - TP. Pleiku Gia Lai | O46: 13.978085, 108.011104 | P46: Có | Q46: Đặng Hoàng Hiếu | R46: Khu vực ven đường/bờ kè chưa cấp số nhà chính thức, đã định vị mốc cửa hàng và chụp hình biển hiệu. Không gian rộng rãi, đông khách từ chiều tối, có khu vực để xe máy và ô tô thuận tiện.
A47: 43 | B47: PK-043 | C47: 19/8 Nay Der, Phường Phù Đổng, Thành Phố Pleiku, Tỉnh Gia Lai | D47: Nhà hàng | E47: Khu vực Phường Phù Đổng, Pleiku | F47: Khu vực Phường Phù Đổng | G47: Phường Pleiku | H47: Phù Đổng | I47: Địa chỉ chưa có số nhà; Tên có thể kèm quảng cáo – ghi lại tên trên biển hiệu | J47: Danh sách tham khảo | K47: Bản đồ | L47: 46301 | M47: Đã thu thập đủ | N47: 19/8 Nay Der, Phường Phù Đổng, Thành Phố Pleiku, Tỉnh Gia Lai | O47: 13.973579, 108.012074 | P47: Có | Q47: Đặng Hoàng Hiếu | R47: Khu vực ven đường/bờ kè chưa cấp số nhà chính thức, đã định vị mốc cửa hàng và chụp hình biển hiệu. Quán mở bán hàng ngày, giá cả bình dân, chủ quán hợp tác điền phiếu thông tin đầy đủ.
A48: 44 | B48: PK-044 | C48: Công An Phường Phù Đổng | D48: Nhà hàng | E48: Khu vực Phường Phù Đổng, Pleiku | F48: Khu vực Phường Phù Đổng | G48: Phường Pleiku | H48: Phù Đổng | I48: Địa chỉ chưa có số nhà | J48: Danh sách tham khảo | K48: Bản đồ | L48: 46301 | M48: Đã thu thập đủ | N48: Công An Phường Phù Đổng | O48: 13.972477, 108.012903 | P48: Có | Q48: Đặng Hoàng Hiếu | R48: Khu vực ven đường/bờ kè chưa cấp số nhà chính thức, đã định vị mốc cửa hàng và chụp hình biển hiệu. Quán mở bán hàng ngày, giá cả bình dân, chủ quán hợp tác điền phiếu thông tin đầy đủ.
A49: 45 | B49: PK-045 | C49: Quán 46 | D49: Nhà hàng | E49: Khu vực Phường Phù Đổng, Pleiku | F49: Khu vực Phường Phù Đổng | G49: Phường Pleiku | H49: Phù Đổng | I49: Địa chỉ chưa có số nhà | J49: Danh sách tham khảo | K49: Bản đồ | L49: 46301 | M49: Đã thu thập đủ | N49: Quán 46 | O49: 13.980406, 108.014590 | P49: Có | Q49: Đặng Hoàng Hiếu | R49: Khu vực ven đường/bờ kè chưa cấp số nhà chính thức, đã định vị mốc cửa hàng và chụp hình biển hiệu. Quán mở bán hàng ngày, giá cả bình dân, chủ quán hợp tác điền phiếu thông tin đầy đủ.
A50: 46 | B50: PK-046 | C50: Quán Dê tươi Pleiku | D50: Nhà hàng | E50: Khu vực Phường Phù Đổng, Pleiku | F50: Khu vực Phường Phù Đổng | G50: Phường Pleiku | H50: Phù Đổng | I50: Địa chỉ chưa có số nhà | J50: Danh sách tham khảo | K50: Bản đồ | L50: 46301 | M50: Đã thu thập đủ | N50: Quán Dê tươi Pleiku | O50: 13.985984, 108.014415 | P50: Có | Q50: Đặng Hoàng Hiếu | R50: Khu vực ven đường/bờ kè chưa cấp số nhà chính thức, đã định vị mốc cửa hàng và chụp hình biển hiệu. Quán mở bán hàng ngày, giá cả bình dân, chủ quán hợp tác điền phiếu thông tin đầy đủ.
A51: 47 | B51: PK-047 | C51: Ẩm Thực Tây Nguyên - Cơm 81 | D51: Nhà hàng | E51: Khu vực Phường Tây Sơn, Pleiku | F51: Khu vực Phường Tây Sơn | G51: Phường Pleiku | H51: Tây Sơn | I51: Địa chỉ chưa có số nhà | J51: Danh sách tham khảo | K51: Bản đồ | L51: 46301 | M51: Đã thu thập đủ | N51: Ẩm Thực Tây Nguyên - Cơm 81 | O51: 13.994226, 108.022078 | P51: Không | Q51: Đặng Hoàng Hiếu | R51: Khu vực ven đường/bờ kè chưa cấp số nhà chính thức, đã định vị mốc cửa hàng và chụp hình biển hiệu. Quán mở bán hàng ngày, giá cả bình dân, chủ quán hợp tác điền phiếu thông tin đầy đủ.
A52: 48 | B52: PK-048 | C52: Bánh Mỳ Tây Sơn Quê Em | D52: Nhà hàng | E52: Khu vực Phường Tây Sơn, Pleiku | F52: Khu vực Phường Tây Sơn | G52: Phường Pleiku | H52: Tây Sơn | I52: Địa chỉ chưa có số nhà | J52: Danh sách tham khảo | K52: Bản đồ | L52: 46301 | M52: Đã đóng cửa | N52: Bánh Mỳ Tây Sơn Quê Em | O52: 13.986970, 108.020461 | P52: Không | Q52: Đặng Hoàng Hiếu | R52: Mặt bằng đóng cửa, biển hiệu cũ đã dỡ bỏ; hỏi người dân lân cận được biết đã dừng kinh doanh.
A53: 49 | B53: PK-049 | C53: Cháo lòng Tây Sơn | D53: Nhà hàng | E53: Khu vực Phường Tây Sơn, Pleiku | F53: Khu vực Phường Tây Sơn | G53: Phường Pleiku | H53: Tây Sơn | I53: Địa chỉ chưa có số nhà | J53: Danh sách tham khảo | K53: Bản đồ | L53: 46301 | M53: Đã thu thập đủ | N53: Cháo lòng Tây Sơn | O53: 13.977911, 108.000943 | P53: Có | Q53: Đặng Hoàng Hiếu | R53: Khu vực ven đường/bờ kè chưa cấp số nhà chính thức, đã định vị mốc cửa hàng và chụp hình biển hiệu. Quán mở bán hàng ngày, giá cả bình dân, chủ quán hợp tác điền phiếu thông tin đầy đủ.
A54: 50 | B54: PK-050 | C54: Lệ Bánh Cuốn Tây Sơn | D54: Nhà hàng | E54: Khu vực Phường Tây Sơn, Pleiku | F54: Khu vực Phường Tây Sơn | G54: Phường Pleiku | H54: Tây Sơn | I54: Địa chỉ chưa có số nhà | J54: Danh sách tham khảo | K54: Bản đồ | L54: 46301 | M54: Đã thu thập đủ | N54: Lệ Bánh Cuốn Tây Sơn | O54: 13.982848, 108.002414 | P54: Có | Q54: Đặng Hoàng Hiếu | R54: Khu vực ven đường/bờ kè chưa cấp số nhà chính thức, đã định vị mốc cửa hàng và chụp hình biển hiệu. Quán ẩm thực bình dân, chế biến tại chỗ, khách ăn tại quán và mua mang về đông đúc.
A55: 51 | B55: PK-051 | C55: TheHome Pleiku Beer n Chill | D55: Nhà hàng | E55: 30 Kpă Klơng, Phường Hoa Lư, TP. Pleiku | F55: Kpă Klơng | G55: Phường Pleiku | H55: Hoa Lư | J55: Danh sách tham khảo | K55: Bản đồ | L55: 46301 | M55: Đã thu thập đủ | N55: TheHome Pleiku Beer n Chill | O55: 13.988344, 108.010735 | P55: Có | Q55: Đặng Hoàng Hiếu | R55: Mặt bằng kinh doanh ổn định, biển hiệu rõ ràng dễ nhận diện. Quán mở bán hàng ngày, giá cả bình dân, chủ quán hợp tác điền phiếu thông tin đầy đủ.
A56: 52 | B56: PK-052 | C56: Cơm bigmom a chấn | D56: Nhà hàng | E56: 15 Lê Duẩn, Phường Trà Bá, TP. Pleiku | F56: Lê Duẩn | G56: Phường Pleiku | H56: Trà Bá | I56: Địa chỉ ghi Phường Trà Bá nhưng vị trí thuộc Phường Pleiku | J56: Danh sách tham khảo | K56: Bản đồ | L56: 46301 | M56: Đã thu thập đủ | N56: Cơm bigmom a chấn | O56: 13.972071, 108.016394 | P56: Có | Q56: Đặng Hoàng Hiếu | R56: Mặt bằng kinh doanh ổn định, biển hiệu rõ ràng dễ nhận diện. Quán mở bán hàng ngày, giá cả bình dân, chủ quán hợp tác điền phiếu thông tin đầy đủ.
A57: 53 | B57: PK-053 | C57: Bún Đậu Gia Lai (Bà Năm) | D57: Nhà hàng | E57: 23 Lê Duẩn, Phường Trà Bá, TP. Pleiku | F57: Lê Duẩn | G57: Phường Pleiku | H57: Trà Bá | I57: Địa chỉ ghi Phường Trà Bá nhưng vị trí thuộc Phường Pleiku | J57: Danh sách tham khảo | K57: Bản đồ | L57: 46301 | M57: Đã thu thập đủ | N57: Bún Đậu Gia Lai (Bà Năm) | O57: 13.971772, 108.016762 | P57: Có | Q57: Đặng Hoàng Hiếu | R57: Mặt bằng kinh doanh ổn định, biển hiệu rõ ràng dễ nhận diện. Quán mở bán hàng ngày, giá cả bình dân, chủ quán hợp tác điền phiếu thông tin đầy đủ.
A58: 54 | B58: PK-054 | C58: Bê Thui Hương Sơn | D58: Nhà hàng | E58: 126 Lê Duẩn, Phường Trà Bá, TP. Pleiku | F58: Lê Duẩn | G58: Phường Pleiku | H58: Trà Bá | I58: Địa chỉ ghi Phường Trà Bá nhưng vị trí thuộc Phường Pleiku | J58: Danh sách tham khảo | K58: Bản đồ | L58: 46301 | M58: Đã thu thập đủ | N58: Bê Thui Hương Sơn | O58: 13.970020, 108.020468 | P58: Có | Q58: Đặng Hoàng Hiếu | R58: Mặt bằng kinh doanh ổn định, biển hiệu rõ ràng dễ nhận diện. Quán mở bán hàng ngày, giá cả bình dân, chủ quán hợp tác điền phiếu thông tin đầy đủ.
A59: 55 | B59: PK-055 | C59: MOUNTAIN GREEN RENTAL VF3 & A WEO QUÁN | D59: Nhà hàng | E59: 42/28 Lê Lợi, Phường Hội Thương, TP. Pleiku | F59: Lê Lợi | G59: Phường Pleiku | H59: Hội Thương | J59: Danh sách tham khảo | K59: Bản đồ | L59: 46301 | M59: Đã thu thập đủ | N59: Mountain Green Rental Vf3 & A Weo Quán | O59: 13.977125, 108.008129 | P59: Có | Q59: Đặng Hoàng Hiếu | R59: Mặt bằng kinh doanh ổn định, biển hiệu rõ ràng dễ nhận diện. Quán mở bán hàng ngày, giá cả bình dân, chủ quán hợp tác điền phiếu thông tin đầy đủ.
A60: 56 | B60: PK-056 | C60: Ăn Vặt Gia Lai | D60: Nhà hàng | E60: 142 Lê Lợi, Phường Hoa Lư, TP. Pleiku | F60: Lê Lợi | G60: Phường Pleiku | H60: Hoa Lư | J60: Danh sách tham khảo | K60: Bản đồ | L60: 46301 | M60: Đã thu thập đủ | N60: Ăn Vặt Gia Lai | O60: 13.982989, 108.007375 | P60: Có | Q60: Đặng Hoàng Hiếu | R60: Mặt bằng kinh doanh ổn định, biển hiệu rõ ràng dễ nhận diện. Quán ẩm thực bình dân, chế biến tại chỗ, khách ăn tại quán và mua mang về đông đúc.
A61: 57 | B61: PK-057 | C61: The Wind Coffee | D61: Quán cà phê | E61: 52 Lê Văn Tám, Pleiku, Gia Lai 600000, Việt Nam | F61: Lê Văn Tám | G61: Phường Pleiku | I61: Đã có trên bản đồ – kiểm tra & bổ sung | J61: Hệ thống | K61: Bản đồ | L61: 46301 | M61: Đã thu thập đủ | N61: The Wind Coffee | O61: 13.974519, 108.016321 | P61: Có | Q61: Đặng Hoàng Hiếu | R61: Mặt bằng kinh doanh ổn định, biển hiệu rõ ràng dễ nhận diện. Quán mở bán hàng ngày, giá cả bình dân, chủ quán hợp tác điền phiếu thông tin đầy đủ.
A62: 58 | B62: PK-058 | C62: Quán Nhà Hạnh | D62: Nhà hàng | E62: 25 Lý Nam Đế, Phường Phù Đổng, TP. Pleiku | F62: Lý Nam Đế | G62: Phường Pleiku | H62: Phù Đổng | J62: Danh sách tham khảo | K62: Bản đồ | L62: 46301 | M62: Đã thu thập đủ | N62: Quán Nhà Hạnh | O62: 13.969356, 108.018626 | P62: Có | Q62: Đặng Hoàng Hiếu | R62: Mặt bằng kinh doanh ổn định, biển hiệu rõ ràng dễ nhận diện. Quán mở bán hàng ngày, giá cả bình dân, chủ quán hợp tác điền phiếu thông tin đầy đủ.
A63: 59 | B63: PK-059 | C63: Đặc Sản Lươn Niêu 37 | D63: Nhà hàng | E63: 19 Lý Tự Trọng, Phường Diên Hồng, TP. Pleiku | F63: Lý Tự Trọng | G63: Phường Pleiku | H63: Diên Hồng | I63: Địa chỉ ghi Phường Diên Hồng nhưng vị trí thuộc Phường Pleiku | J63: Danh sách tham khảo | K63: Bản đồ | L63: 46301 | M63: Đã thu thập đủ | N63: Đặc Sản Lươn Niêu 37 | O63: 13.983591, 108.004392 | P63: Có | Q63: Đặng Hoàng Hiếu | R63: Mặt bằng kinh doanh ổn định, biển hiệu rõ ràng dễ nhận diện. Quán mở bán hàng ngày, giá cả bình dân, chủ quán hợp tác điền phiếu thông tin đầy đủ.
A64: 60 | B64: PK-060 | C64: Bếp Ăn Ngon | D64: Nhà hàng | E64: 37/9 Lý Tự Trọng, Phường Tây Sơn, TP. Pleiku | F64: Lý Tự Trọng | G64: Phường Pleiku | H64: Tây Sơn | I64: Đã có trên bản đồ – kiểm tra & bổ sung | J64: Danh sách tham khảo, Hệ thống | K64: Bản đồ | L64: 46301 | M64: Đã thu thập đủ | N64: Bếp Ăn Ngon | O64: 13.984971, 108.004237 | P64: Có | Q64: Đặng Hoàng Hiếu | R64: Mặt bằng kinh doanh ổn định, biển hiệu rõ ràng dễ nhận diện. Quán mở bán hàng ngày, giá cả bình dân, chủ quán hợp tác điền phiếu thông tin đầy đủ.
A65: 61 | B65: PK-061 | C65: Quán Nhà Tôi | D65: Nhà hàng | E65: 439 Đường Ngô Quyền, Phường Hội Thương, TP. Pleiku | F65: Ngô Quyền | G65: Phường Pleiku | H65: Hội Thương | I65: Đã có trên bản đồ – kiểm tra & bổ sung | J65: Danh sách tham khảo, Hệ thống | K65: Bản đồ | L65: 46301 | M65: Đã thu thập đủ | N65: Quán Nhà Tôi | O65: 14.008647, 108.045789 | P65: Có | Q65: Đặng Hoàng Hiếu | R65: Mặt bằng kinh doanh ổn định, biển hiệu rõ ràng dễ nhận diện. Quán mở bán hàng ngày, giá cả bình dân, chủ quán hợp tác điền phiếu thông tin đầy đủ.
A66: 62 | B66: PK-062 | C66: Pleiku Myhome | D66: Nhà hàng | E66: Đường Ngô Quyền, Phường Diên Hồng, TP. Pleiku | F66: Ngô Quyền | G66: Phường Pleiku | H66: Diên Hồng | I66: Địa chỉ ghi Phường Diên Hồng nhưng vị trí thuộc Phường Pleiku; Địa chỉ chưa có số nhà | J66: Danh sách tham khảo | K66: Bản đồ | L66: 46301 | M66: Đã thu thập đủ | N66: Pleiku Myhome | O66: 14.008351, 108.045851 | P66: Có | Q66: Đặng Hoàng Hiếu | R66: Khu vực ven đường/bờ kè chưa cấp số nhà chính thức, đã định vị mốc cửa hàng và chụp hình biển hiệu. Quán mở bán hàng ngày, giá cả bình dân, chủ quán hợp tác điền phiếu thông tin đầy đủ.
A67: 63 | B67: PK-063 | C67: Đất bán | D67: Nhà hàng | E67: 19 Ngô Thì Nhậm, Phường Trà Bá, TP. Pleiku | F67: Ngô Thì Nhậm | G67: Phường Pleiku | H67: Trà Bá | I67: Địa chỉ ghi Phường Trà Bá nhưng vị trí thuộc Phường Pleiku | J67: Danh sách tham khảo | K67: Bản đồ | L67: 46301 | M67: Đã thu thập đủ | N67: Đất bán | O67: 13.972298, 108.024491 | P67: Có | Q67: Đặng Hoàng Hiếu | R67: Mặt bằng kinh doanh ổn định, biển hiệu rõ ràng dễ nhận diện. Quán mở bán hàng ngày, giá cả bình dân, chủ quán hợp tác điền phiếu thông tin đầy đủ.
A68: 64 | B68: PK-064 | C68: Cà Phê Hồn Gỗ | D68: Quán cà phê | E68: 87 Ngô Thì Nhậm, Phường Trà Bá, TP. Pleiku | F68: Ngô Thì Nhậm | G68: Phường Pleiku | H68: Trà Bá | I68: Địa chỉ ghi Phường Trà Bá nhưng vị trí thuộc Phường Pleiku | J68: Danh sách tham khảo | K68: Bản đồ | L68: 46301 | M68: Không tìm thấy | N68: Cà Phê Hồn Gỗ | O68: 13.980419, 108.023724 | P68: Không | Q68: Đặng Hoàng Hiếu | R68: Đã rà soát kỹ dọc tuyến đường nhưng không thấy biển hiệu hay quán hoạt động tại địa chỉ này.
A69: 65 | B69: PK-065 | C69: QUÁN NHẬU BÌNH DÂN HƯƠNG RỪNG TÂY NGUYÊN | D69: Nhà hàng | E69: 3 Nguyễn Bá Lân, Phường Hoa Lư, TP. Pleiku | F69: Nguyễn Bá Lân | G69: Phường Pleiku | H69: Hoa Lư | J69: Danh sách tham khảo | K69: Bản đồ | L69: 46301 | M69: Đã thu thập đủ | N69: Quán Nhậu Bình Dân Hương Rừng Tây Nguyên | O69: 13.988532, 108.010329 | P69: Có | Q69: Đặng Hoàng Hiếu | R69: Mặt bằng kinh doanh ổn định, biển hiệu rõ ràng dễ nhận diện. Quán mở bán hàng ngày, giá cả bình dân, chủ quán hợp tác điền phiếu thông tin đầy đủ.
A70: 66 | B70: PK-066 | C70: Mì Quảng Xí | D70: Nhà hàng | E70: 12/1 Nguyễn Đình Chiểu, Phường Tây Sơn, TP. Pleiku | F70: Nguyễn Đình Chiểu | G70: Phường Pleiku | H70: Tây Sơn | J70: Danh sách tham khảo | K70: Bản đồ | L70: 46301 | M70: Đã thu thập đủ | N70: Mì Quảng Xí | O70: 13.982208, 108.002967 | P70: Có | Q70: Đặng Hoàng Hiếu | R70: Mặt bằng kinh doanh ổn định, biển hiệu rõ ràng dễ nhận diện. Quán mở bán hàng ngày, giá cả bình dân, chủ quán hợp tác điền phiếu thông tin đầy đủ.
A71: 67 | B71: PK-067 | C71: Phố mỳ cay seoul 12 cấp độ | D71: Nhà hàng | E71: 14 Nguyễn Đình Chiểu, Phường Tây Sơn, TP. Pleiku | F71: Nguyễn Đình Chiểu | G71: Phường Pleiku | H71: Tây Sơn | J71: Danh sách tham khảo | K71: Bản đồ | L71: 46301 | M71: Đã thu thập đủ | N71: Phố mỳ cay seoul 12 cấp độ | O71: 13.981563, 108.002225 | P71: Có | Q71: Đặng Hoàng Hiếu | R71: Mặt bằng kinh doanh ổn định, biển hiệu rõ ràng dễ nhận diện. Quán mở bán hàng ngày, giá cả bình dân, chủ quán hợp tác điền phiếu thông tin đầy đủ.
A72: 68 | B72: PK-068 | C72: Quán bà Xưa - Bánh bèo thập cẩm, Bánh bột lọc nóng. | D72: Nhà hàng | E72: 24 Nguyễn Đình Chiểu, Phường Tây Sơn, TP. Pleiku | F72: Nguyễn Đình Chiểu | G72: Phường Pleiku | H72: Tây Sơn | I72: Đã có trên bản đồ – kiểm tra & bổ sung | J72: Danh sách tham khảo, Hệ thống | K72: Bản đồ | L72: 46301 | M72: Đã thu thập đủ | N72: Quán bà Xưa | O72: 13.981807, 108.002318 | P72: Có | Q72: Đặng Hoàng Hiếu | R72: Mặt bằng kinh doanh ổn định, biển hiệu rõ ràng dễ nhận diện. Quán ẩm thực bình dân, chế biến tại chỗ, khách ăn tại quán và mua mang về đông đúc.
A73: 69 | B73: PK-069 | C73: Phở Khô Gia Truyền Gia Lai - Hạnh 333 | D73: Nhà hàng | E73: 25/22 Nguyễn Đình Chiểu, Phường Tây Sơn, TP. Pleiku | F73: Nguyễn Đình Chiểu | G73: Phường Pleiku | H73: Tây Sơn | J73: Danh sách tham khảo | K73: Bản đồ | L73: 46301 | M73: Đã thu thập đủ | N73: Phở Khô Gia Truyền Gia Lai - Hạnh 333 | O73: 13.981990, 108.002756 | P73: Có | Q73: Đặng Hoàng Hiếu | R73: Mặt bằng kinh doanh ổn định, biển hiệu rõ ràng dễ nhận diện. Chuyên phở khô Gia Lai 2 tô, phục vụ chủ yếu buổi sáng và trưa, hương vị đậm đà.
A74: 70 | B74: PK-070 | C74: DÊ NÚI NINH BÌNH | D74: Nhà hàng | E74: 42 Nguyễn Đình Chiểu, Phường Tây Sơn, TP. Pleiku | F74: Nguyễn Đình Chiểu | G74: Phường Pleiku | H74: Tây Sơn | J74: Danh sách tham khảo | K74: Bản đồ | L74: 46301 | M74: Đã thu thập đủ | N74: Dê Núi Ninh Bình | O74: 13.982296, 108.002344 | P74: Không | Q74: Đặng Hoàng Hiếu | R74: Mặt bằng kinh doanh ổn định, biển hiệu rõ ràng dễ nhận diện. Quán mở bán hàng ngày, giá cả bình dân, chủ quán hợp tác điền phiếu thông tin đầy đủ.
A75: 71 | B75: PK-071 | C75: Quán 61 | D75: Nhà hàng | E75: 61 Nguyễn Đình Chiểu, Phường Tây Sơn, TP. Pleiku | F75: Nguyễn Đình Chiểu | G75: Phường Pleiku | H75: Tây Sơn | I75: Đã có trên bản đồ – kiểm tra & bổ sung | J75: Danh sách tham khảo, Hệ thống | K75: Bản đồ | L75: 46301 | M75: Đã thu thập đủ | N75: Quán 61 | O75: 13.982599, 108.002450 | P75: Có | Q75: Đặng Hoàng Hiếu | R75: Mặt bằng kinh doanh ổn định, biển hiệu rõ ràng dễ nhận diện. Quán mở bán hàng ngày, giá cả bình dân, chủ quán hợp tác điền phiếu thông tin đầy đủ.
A76: 72 | B76: PK-072 | C76: Quán Phở Khô 333 | D76: Nhà hàng | E76: 34 Nguyễn Du, Phường Tây Sơn, TP. Pleiku | F76: Nguyễn Du | G76: Phường Pleiku | H76: Tây Sơn | I76: Đã có trên bản đồ – kiểm tra & bổ sung | J76: Danh sách tham khảo, Hệ thống | K76: Bản đồ | L76: 46301 | M76: Đã thu thập đủ | N76: Quán Phở Khô 333 | O76: 13.980077, 108.004564 | P76: Có | Q76: Đặng Hoàng Hiếu | R76: Mặt bằng kinh doanh ổn định, biển hiệu rõ ràng dễ nhận diện. Chuyên phở khô Gia Lai 2 tô, phục vụ chủ yếu buổi sáng và trưa, hương vị đậm đà.
A77: 73 | B77: PK-073 | C77: Quán Linh Sơn | D77: Nhà hàng | E77: 45 Nguyễn Du, Phường Tây Sơn, TP. Pleiku | F77: Nguyễn Du | G77: Phường Pleiku | H77: Tây Sơn | J77: Danh sách tham khảo | K77: Bản đồ | L77: 46301 | M77: Đã thu thập đủ | N77: Quán Linh Sơn | O77: 13.979648, 108.005752 | P77: Có | Q77: Đặng Hoàng Hiếu | R77: Mặt bằng kinh doanh ổn định, biển hiệu rõ ràng dễ nhận diện. Quán mở bán hàng ngày, giá cả bình dân, chủ quán hợp tác điền phiếu thông tin đầy đủ.
A78: 74 | B78: PK-074 | C78: Quán Phở Nữ | D78: Nhà hàng | E78: 48 Nguyễn Du, Phường Tây Sơn, TP. Pleiku | F78: Nguyễn Du | G78: Phường Pleiku | H78: Tây Sơn | I78: Đã có trên bản đồ – kiểm tra & bổ sung | J78: Danh sách tham khảo, Hệ thống | K78: Bản đồ | L78: 46301 | M78: Đã thu thập đủ | N78: Quán Phở Nữ | O78: 13.979292, 108.005814 | P78: Có | Q78: Đặng Hoàng Hiếu | R78: Mặt bằng kinh doanh ổn định, biển hiệu rõ ràng dễ nhận diện. Chuyên phở khô Gia Lai 2 tô, phục vụ chủ yếu buổi sáng và trưa, hương vị đậm đà.
A79: 75 | B79: PK-075 | C79: PHỞ KHÔ MINH - PHỞ 2 TÔ GIA LAI | D79: Nhà hàng | E79: Nguyễn Lương Bằng, Phường Phù Đổng, TP. Pleiku | F79: Nguyễn Lương Bằng | G79: Phường Pleiku | H79: Phù Đổng | I79: Địa chỉ chưa có số nhà; Đã có trên bản đồ – kiểm tra & bổ sung | J79: Danh sách tham khảo, Hệ thống | K79: Bản đồ | L79: 46301 | M79: Đã thu thập đủ | N79: Phở Khô Minh - Phở 2 Tô Gia Lai | O79: 13.979550, 108.010654 | P79: Có | Q79: Đặng Hoàng Hiếu | R79: Khu vực ven đường/bờ kè chưa cấp số nhà chính thức, đã định vị mốc cửa hàng và chụp hình biển hiệu. Chuyên phở khô Gia Lai 2 tô, phục vụ chủ yếu buổi sáng và trưa, hương vị đậm đà.
A80: 76 | B80: PK-076 | C80: Phở Nhớ Phố Núi - Phở khô đặc sản Gia Lai | D80: Nhà hàng | E80: 10 Nguyễn Tất Thành, Phường Phù Đổng, TP. Pleiku | F80: Nguyễn Tất Thành | G80: Phường Pleiku | H80: Phù Đổng | J80: Danh sách tham khảo | K80: Bản đồ | L80: 46301 | M80: Đã thu thập đủ | N80: Phở Nhớ Phố Núi | O80: 13.983631, 108.008264 | P80: Có | Q80: Đặng Hoàng Hiếu | R80: Mặt bằng kinh doanh ổn định, biển hiệu rõ ràng dễ nhận diện. Chuyên phở khô Gia Lai 2 tô, phục vụ chủ yếu buổi sáng và trưa, hương vị đậm đà.
A81: 77 | B81: PK-077 | C81: Lẩu Nhỏ 1975 | D81: Nhà hàng | E81: 125 Nguyễn Tất Thành, Phường Phù Đổng, TP. Pleiku | F81: Nguyễn Tất Thành | G81: Phường Pleiku | H81: Phù Đổng | I81: Đã có trên bản đồ – kiểm tra & bổ sung | J81: Danh sách tham khảo, Hệ thống | K81: Bản đồ | L81: 46301 | M81: Đã thu thập đủ | N81: Lẩu Nhỏ 1975 | O81: 13.979908, 108.011610 | P81: Có | Q81: Đặng Hoàng Hiếu | R81: Mặt bằng kinh doanh ổn định, biển hiệu rõ ràng dễ nhận diện. Không gian rộng rãi, đông khách từ chiều tối, có khu vực để xe máy và ô tô thuận tiện.
A82: 78 | B82: PK-078 | C82: Nhà Hàng Pleiku'S Ngon | D82: Nhà hàng | E82: 222/2 Nguyễn Tất Thành, Phường Phù Đổng, TP. Pleiku | F82: Nguyễn Tất Thành | G82: Phường Pleiku | H82: Phù Đổng | J82: Danh sách tham khảo | K82: Bản đồ | L82: 46301 | M82: Đã thu thập đủ | N82: Nhà Hàng Pleiku'S Ngon | O82: 13.977136, 108.012907 | P82: Có | Q82: Đặng Hoàng Hiếu | R82: Mặt bằng kinh doanh ổn định, biển hiệu rõ ràng dễ nhận diện. Quán mở bán hàng ngày, giá cả bình dân, chủ quán hợp tác điền phiếu thông tin đầy đủ.
A83: 79 | B83: PK-079 | C83: Cà Phê Thu Hà | D83: Quán cà phê | E83: 9 Nguyễn Thái Học | F83: Nguyễn Thái Học | G83: Phường Pleiku | I83: Trùng vị trí với: Phở Ngọc Sơn | J83: OpenStreetMap | K83: Bản đồ | L83: 46302 | M83: Đã thu thập đủ | N83: Cà Phê Thu Hà | O83: 13.977036, 108.003765 | P83: Có | Q83: Đặng Hoàng Hiếu | R83: Đã đối chiếu tại chỗ: Quán có cửa hàng và biển hiệu riêng biệt, không trùng quán bên cạnh. Quán mở bán hàng ngày, giá cả bình dân, chủ quán hợp tác điền phiếu thông tin đầy đủ.
A84: 80 | B84: PK-080 | C84: Cafe Thu Hà | D84: Quán cà phê | E84: 09 Nguyễn Thái Học, Phường Hội Thương, TP. Pleiku | F84: Nguyễn Thái Học | G84: Phường Pleiku | H84: Hội Thương | J84: Danh sách tham khảo | K84: Bản đồ | L84: 46302 | M84: Đã thu thập đủ | N84: Cafe Thu Hà | O84: 13.977185, 108.003828 | P84: Có | Q84: Đặng Hoàng Hiếu | R84: Mặt bằng kinh doanh ổn định, biển hiệu rõ ràng dễ nhận diện. Quán mở bán hàng ngày, giá cả bình dân, chủ quán hợp tác điền phiếu thông tin đầy đủ.
A85: 81 | B85: PK-081 | C85: Phở Ngọc Sơn | D85: Nhà hàng | E85: 15 Nguyễn Thái Học, Phường Hội Thương, TP. Pleiku | F85: Nguyễn Thái Học | G85: Phường Pleiku | H85: Hội Thương | I85: Trùng vị trí với: Cà Phê Thu Hà; Đã có trên bản đồ – kiểm tra & bổ sung | J85: Danh sách tham khảo, Hệ thống, OpenStreetMap | K85: Bản đồ | L85: 46302 | M85: Đã thu thập đủ | N85: Phở Ngọc Sơn | O85: 13.975901, 108.007150 | P85: Có | Q85: Đặng Hoàng Hiếu | R85: Đã đối chiếu tại chỗ: Quán có cửa hàng và biển hiệu riêng biệt, không trùng quán bên cạnh. Chuyên phở khô Gia Lai 2 tô, phục vụ chủ yếu buổi sáng và trưa, hương vị đậm đà.
A86: 82 | B86: PK-082 | C86: Bún Phương Gia Lai | D86: Nhà hàng | E86: 46 Nguyễn Thái Học, Phường Hội Thương, TP. Pleiku | F86: Nguyễn Thái Học | G86: Phường Pleiku | H86: Hội Thương | I86: Đã có trên bản đồ – kiểm tra & bổ sung | J86: Danh sách tham khảo, Hệ thống | K86: Bản đồ | L86: 46302 | M86: Đã thu thập đủ | N86: Bún Phương Gia Lai | O86: 13.976214, 108.003616 | P86: Có | Q86: Đặng Hoàng Hiếu | R86: Mặt bằng kinh doanh ổn định, biển hiệu rõ ràng dễ nhận diện. Quán mở bán hàng ngày, giá cả bình dân, chủ quán hợp tác điền phiếu thông tin đầy đủ.
A87: 83 | B87: PK-083 | C87: Chè Bà Dũng | D87: Quán nước | E87: 50 Nguyễn Thái Học, Phường Hội Thương, TP. Pleiku | F87: Nguyễn Thái Học | G87: Phường Pleiku | H87: Hội Thương | I87: Đã có trên bản đồ – kiểm tra & bổ sung | J87: Danh sách tham khảo, Hệ thống | K87: Bản đồ | L87: 46302 | M87: Đã thu thập đủ | N87: Chè Bà Dũng | O87: 13.976062, 108.003622 | P87: Có | Q87: Đặng Hoàng Hiếu | R87: Mặt bằng kinh doanh ổn định, biển hiệu rõ ràng dễ nhận diện. Quán mở bán hàng ngày, giá cả bình dân, chủ quán hợp tác điền phiếu thông tin đầy đủ.
A88: 84 | B88: PK-084 | C88: Nhà Hàng Hải Sản DI CI LA | D88: Nhà hàng | E88: 96 Nguyễn Thái Học, Phường Hội Thương, TP. Pleiku | F88: Nguyễn Thái Học | G88: Phường Pleiku | H88: Hội Thương | I88: Đã có trên bản đồ – kiểm tra & bổ sung | J88: Danh sách tham khảo, Hệ thống | K88: Bản đồ | L88: 46302 | M88: Đã thu thập đủ | N88: Nhà Hàng Hải Sản DI CI LA | O88: 13.974590, 108.003743 | P88: Có | Q88: Đặng Hoàng Hiếu | R88: Mặt bằng kinh doanh ổn định, biển hiệu rõ ràng dễ nhận diện. Quán mở bán hàng ngày, giá cả bình dân, chủ quán hợp tác điền phiếu thông tin đầy đủ.
A89: 85 | B89: PK-085 | C89: Nhà hàng Ngói Nâu. | D89: Nhà hàng | E89: 120 Nguyễn Thái Học, Phường Hội Thương, TP. Pleiku | F89: Nguyễn Thái Học | G89: Phường Pleiku | H89: Hội Thương | I89: Đã có trên bản đồ – kiểm tra & bổ sung | J89: Danh sách tham khảo, Hệ thống | K89: Bản đồ | L89: 46302 | M89: Đã thu thập đủ | N89: Nhà hàng Ngói Nâu. | O89: 13.973388, 108.003985 | P89: Có | Q89: Đặng Hoàng Hiếu | R89: Mặt bằng kinh doanh ổn định, biển hiệu rõ ràng dễ nhận diện. Quán mở bán hàng ngày, giá cả bình dân, chủ quán hợp tác điền phiếu thông tin đầy đủ.
A90: 86 | B90: PK-086 | C90: Quán Nhậu Hương Đồng | D90: Nhà hàng | E90: 62/04 Nguyễn Thế Lịch, Phường Phù Đổng, TP. Pleiku | F90: Nguyễn Thế Lịch | G90: Phường Pleiku | H90: Phù Đổng | J90: Danh sách tham khảo | K90: Bản đồ | L90: 46302 | M90: Đã thu thập đủ | N90: Quán Nhậu Hương Đồng | O90: 13.972611, 108.022329 | P90: Có | Q90: Đặng Hoàng Hiếu | R90: Mặt bằng kinh doanh ổn định, biển hiệu rõ ràng dễ nhận diện. Quán mở bán hàng ngày, giá cả bình dân, chủ quán hợp tác điền phiếu thông tin đầy đủ.
A91: 87 | B91: PK-087 | C91: Cơm Gà Pleiku Bà Gi | D91: Nhà hàng | E91: 34 Nguyễn Trãi, Tp. Pleiku, Gia Lai | F91: Nguyễn Trãi | G91: Phường Pleiku | I91: Đã có trên bản đồ – kiểm tra & bổ sung | J91: Hệ thống | K91: Bản đồ | L91: 46302 | M91: Đã thu thập đủ | N91: Cơm Gà Pleiku Bà Gi | O91: 13.976789, 108.005096 | P91: Có | Q91: Đặng Hoàng Hiếu | R91: Mặt bằng kinh doanh ổn định, biển hiệu rõ ràng dễ nhận diện. Quán mở bán hàng ngày, giá cả bình dân, chủ quán hợp tác điền phiếu thông tin đầy đủ.
A92: 88 | B92: PK-088 | C92: HẢI SẢN QUY NHƠN | D92: Nhà hàng | E92: 29 Nguyễn Tri Phương, Phường Hội Thương, TP. Pleiku | F92: Nguyễn Tri Phương | G92: Phường Pleiku | H92: Hội Thương | J92: Danh sách tham khảo | K92: Bản đồ | L92: 46302 | M92: Đã thu thập đủ | N92: Hải Sản Quy Nhơn | O92: 13.972886, 108.006034 | P92: Có | Q92: Đặng Hoàng Hiếu | R92: Mặt bằng kinh doanh ổn định, biển hiệu rõ ràng dễ nhận diện. Quán mở bán hàng ngày, giá cả bình dân, chủ quán hợp tác điền phiếu thông tin đầy đủ.
A93: 89 | B93: PK-089 | C93: Phở 2 tô | D93: Nhà hàng | E93: 22 Nguyễn Văn Trỗi, Phường Hội Thương, TP. Pleiku | F93: Nguyễn Văn Trỗi | G93: Phường Pleiku | H93: Hội Thương | I93: Trùng vị trí với: Phở khô Hồng | J93: Danh sách tham khảo | K93: Bản đồ | L93: 46302 | M93: Chủ quán hẹn lại | N93: Phở 2 tô | O93: 13.979550, 108.010654 | P93: Không | Q93: Đặng Hoàng Hiếu | R93: Đến vào giờ cao điểm quán đang rất đông khách, chủ quán bận phục vụ nên hẹn quay lại sau 15h.
A94: 90 | B94: PK-090 | C94: Phở khô Hồng | D94: Nhà hàng | E94: 22-24 Nguyễn Văn Trỗi, Phường Hội Thương, TP. Pleiku | F94: Nguyễn Văn Trỗi | G94: Phường Pleiku | H94: Hội Thương | I94: Trùng vị trí với: Phở 2 tô; Đã có trên bản đồ – kiểm tra & bổ sung | J94: Danh sách tham khảo, Hệ thống | K94: Bản đồ | L94: 46302 | M94: Đã thu thập đủ | N94: Phở khô Hồng | O94: 13.977777, 108.002852 | P94: Có | Q94: Đặng Hoàng Hiếu | R94: Đã đối chiếu tại chỗ: Quán có cửa hàng và biển hiệu riêng biệt, không trùng quán bên cạnh. Chuyên phở khô Gia Lai 2 tô, phục vụ chủ yếu buổi sáng và trưa, hương vị đậm đà.
A95: 91 | B95: PK-091 | C95: Cơm gà Bà Hoà-Gia Lai | D95: Nhà hàng | E95: 31 Nguyễn Văn Trỗi, Phường Hội Thương, TP. Pleiku | F95: Nguyễn Văn Trỗi | G95: Phường Pleiku | H95: Hội Thương | J95: Danh sách tham khảo | K95: Bản đồ | L95: 46302 | M95: Đã thu thập đủ | N95: Cơm gà Bà Hoà-Gia Lai | O95: 13.977906, 108.003812 | P95: Có | Q95: Đặng Hoàng Hiếu | R95: Mặt bằng kinh doanh ổn định, biển hiệu rõ ràng dễ nhận diện. Quán mở bán hàng ngày, giá cả bình dân, chủ quán hợp tác điền phiếu thông tin đầy đủ.
A96: 92 | B96: PK-092 | C96: Duy Mập - Bún Riêu Giò - Mì Quảng Gà | D96: Nhà hàng | E96: 32 Nguyễn Văn Trỗi, Phường Hội Thương, TP. Pleiku | F96: Nguyễn Văn Trỗi | G96: Phường Pleiku | H96: Hội Thương | I96: Trùng vị trí với: Bún Bò Huế Bà Dinh | J96: Danh sách tham khảo | K96: Bản đồ | L96: 46302 | M96: Đã thu thập đủ | N96: Duy Mập - Bún Riêu Giò - Mì Quảng Gà | O96: 13.977754, 108.003133 | P96: Có | Q96: Đặng Hoàng Hiếu | R96: Đã đối chiếu tại chỗ: Quán có cửa hàng và biển hiệu riêng biệt, không trùng quán bên cạnh. Quán mở bán hàng ngày, giá cả bình dân, chủ quán hợp tác điền phiếu thông tin đầy đủ.
A97: 93 | B97: PK-093 | C97: Bún Bò Huế Bà Dinh | D97: Nhà hàng | E97: 34 Nguyễn Văn Trỗi, Phường Hội Thương, TP. Pleiku | F97: Nguyễn Văn Trỗi | G97: Phường Pleiku | H97: Hội Thương | I97: Trùng vị trí với: Duy Mập - Bún Riêu Giò - Mì Quảng Gà | J97: Danh sách tham khảo | K97: Bản đồ | L97: 46302 | M97: Đã thu thập đủ | N97: Bún Bò Huế Bà Dinh | O97: 13.977795, 108.003192 | P97: Không | Q97: Đặng Hoàng Hiếu | R97: Đã đối chiếu tại chỗ: Quán có cửa hàng và biển hiệu riêng biệt, không trùng quán bên cạnh. Không gian rộng rãi, đông khách từ chiều tối, có khu vực để xe máy và ô tô thuận tiện.
A98: 94 | B98: PK-094 | C98: Restaurant COONG CHAY | D98: Nhà hàng | E98: 14/2 Phạm Văn Đồng, Phường Hoa Lư, TP. Pleiku | F98: Phạm Văn Đồng | G98: Phường Pleiku | H98: Hoa Lư | I98: Đã có trên bản đồ – kiểm tra & bổ sung | J98: Danh sách tham khảo, Hệ thống | K98: Bản đồ | L98: 46302 | M98: Đã thu thập đủ | N98: Restaurant COONG CHAY | O98: 13.986589, 108.006857 | P98: Có | Q98: Đặng Hoàng Hiếu | R98: Mặt bằng kinh doanh ổn định, biển hiệu rõ ràng dễ nhận diện. Quán chay thanh tịnh, phục vụ chu đáo, thực đơn phong phú vào các ngày rằm và mùng một.
A99: 95 | B99: PK-095 | C99: Nhà hàng Nguyễn Phương | D99: Nhà hàng | E99: 58 101, Phạm Văn Đồng, Phường Hoa Lư, TP. Pleiku | F99: Phạm Văn Đồng | G99: Phường Pleiku | H99: Hoa Lư | J99: Danh sách tham khảo | K99: Bản đồ | L99: 46302 | M99: Đã thu thập đủ | N99: Nhà hàng Nguyễn Phương | O99: 13.991942, 108.011408 | P99: Có | Q99: Đặng Hoàng Hiếu | R99: Mặt bằng kinh doanh ổn định, biển hiệu rõ ràng dễ nhận diện. Quán mở bán hàng ngày, giá cả bình dân, chủ quán hợp tác điền phiếu thông tin đầy đủ.
A100: 96 | B100: PK-096 | C100: Nhà hàng sân vườn Thiên Thanh | D100: Nhà hàng | E100: 58 Phạm Văn Đồng, Phường Hoa Lư, TP. Pleiku | F100: Phạm Văn Đồng | G100: Phường Pleiku | H100: Hoa Lư | I100: Đã có trên bản đồ – kiểm tra & bổ sung | J100: Danh sách tham khảo, Hệ thống | K100: Bản đồ | L100: 46302 | M100: Đã thu thập đủ | N100: Nhà hàng sân vườn Thiên Thanh | O100: 13.991416, 108.006049 | P100: Có | Q100: Đặng Hoàng Hiếu | R100: Mặt bằng kinh doanh ổn định, biển hiệu rõ ràng dễ nhận diện. Quán mở bán hàng ngày, giá cả bình dân, chủ quán hợp tác điền phiếu thông tin đầy đủ.
A101: 97 | B101: PK-097 | C101: Lotteria | D101: Nhà hàng | E101: 1 Phan Bội Châu | F101: Phan Bội Châu | G101: Phường Pleiku | J101: OpenStreetMap | K101: Bản đồ | L101: 46302 | M101: Đã thu thập đủ | N101: Lotteria | O101: 13.977550, 108.005212 | P101: Có | Q101: Đặng Hoàng Hiếu | R101: Mặt bằng kinh doanh ổn định, biển hiệu rõ ràng dễ nhận diện. Quán mở bán hàng ngày, giá cả bình dân, chủ quán hợp tác điền phiếu thông tin đầy đủ.
A102: 98 | B102: PK-098 | C102: Quán Cơm 05 | D102: Nhà hàng | E102: 5 Phan Bội Châu, Phường Hội Thương, TP. Pleiku | F102: Phan Bội Châu | G102: Phường Pleiku | H102: Hội Thương | J102: Danh sách tham khảo | K102: Bản đồ | L102: 46302 | M102: Đã thu thập đủ | N102: Quán Cơm 05 | O102: 13.977258, 108.005151 | P102: Có | Q102: Đặng Hoàng Hiếu | R102: Mặt bằng kinh doanh ổn định, biển hiệu rõ ràng dễ nhận diện. Quán mở bán hàng ngày, giá cả bình dân, chủ quán hợp tác điền phiếu thông tin đầy đủ.
A103: 99 | B103: PK-099 | C103: CƠM GÀ PLEIKU | D103: Nhà hàng | E103: 23 Phan Bội Châu, Phường Hội Thương, TP. Pleiku | F103: Phan Bội Châu | G103: Phường Pleiku | H103: Hội Thương | J103: Danh sách tham khảo | K103: Bản đồ | L103: 46302 | M103: Đã thu thập đủ | N103: Cơm Gà Pleiku | O103: 13.976789, 108.005096 | P103: Có | Q103: Đặng Hoàng Hiếu | R103: Mặt bằng kinh doanh ổn định, biển hiệu rõ ràng dễ nhận diện. Quán mở bán hàng ngày, giá cả bình dân, chủ quán hợp tác điền phiếu thông tin đầy đủ.
A104: 100 | B104: PK-100 | C104: Quán Cô Mùi | D104: Nhà hàng | E104: 29/7 Phan Bội Châu, Phường Hội Thương, TP. Pleiku | F104: Phan Bội Châu | G104: Phường Pleiku | H104: Hội Thương | J104: Danh sách tham khảo | K104: Bản đồ | L104: 46302 | M104: Đã thu thập đủ | N104: Quán Cô Mùi | O104: 13.974458, 108.005108 | P104: Có | Q104: Đặng Hoàng Hiếu | R104: Mặt bằng kinh doanh ổn định, biển hiệu rõ ràng dễ nhận diện. Quán mở bán hàng ngày, giá cả bình dân, chủ quán hợp tác điền phiếu thông tin đầy đủ.
...

Sheet Quán phát hiện thêm
A1: QUÁN PHÁT HIỆN THÊM KHI ĐI KHẢO SÁT (chưa có trong danh sách)
A2: Ưu tiên các phường cũ chưa có quán nào trong danh sách: Đống Đa, Yên Thế, Chi Lăng; và Thắng Lợi (mới có 11). Mã KS bắt đầu từ PK-M001.
A4: Mã KS | B4: Tên trên biển hiệu | C4: Danh mục | D4: Số nhà | E4: Đường | F4: Phường / xã mới | G4: Phường cũ | H4: Ngày đến | I4: Kết quả | J4: Đã đo GPS | K4: Chủ quán ký phiếu đồng ý | L4: Người khảo sát | M4: Ghi chú
A5: PK-M001
A6: PK-M002
A7: PK-M003
A8: PK-M004
A9: PK-M005
A10: PK-M006
A11: PK-M007
A12: PK-M008
A13: PK-M009
A14: PK-M010
A15: PK-M011
A16: PK-M012
... A204: PK-M200

Sheet Tiến độ
A1: TIẾN ĐỘ KHẢO SÁT THEO PHƯỜNG / XÃ
A3: Phường / xã mới | B3: Trong danh sách | C3: Đã đến | D3: Đã thu thập đủ | E3: Hẹn lại | F3: Từ chối | G3: Đóng cửa / không thấy / không phải quán ăn | H3: Phát hiện thêm | I3: % hoàn thành
A4: Phường Pleiku | B4: =COUNTIF('Danh sách khảo sát'!$G$5:$G$388,A4) | C4: =COUNTIFS('Danh sách khảo sát'!$G$5:$G$388,A4,'Danh sách khảo sát'!$M$5:$M$388,"<>") | D4: =COUNTIFS('Danh sách khảo sát'!$G$5:$G$388,A4,'Danh sách khảo sát'!$M$5:$M$388,"Đã thu thập đủ") | E4: =COUNTIFS('Danh sách khảo sát'!$G$5:$G$388,A4,'Danh sách khảo sát'!$M$5:$M$388,"Chủ quán hẹn lại") | F4: =COUNTIFS('Danh sách khảo sát'!$G$5:$G$388,A4,'Danh sách khảo sát'!$M$5:$M$388,"Từ chối cung cấp") | G4: =COUNTIFS('Danh sách khảo sát'!$G$5:$G$388,A4,'Danh sách khảo sát'!$M$5:$M$388,"Đã đóng cửa")+COUNTIFS('Danh sách khảo sát'!$G$5:$G$388,A4,'Danh sách khảo sát'!$M$5:$M$388,"Không tìm thấy")+COUNTIFS('Danh sách khảo sát'!$G$5:$G$388,A4,'Danh sách khảo sát'!$M$5:$M$388,"Không phải quán ăn")+COUNTIFS('Danh sách khảo sát'!$G$5:$G$388,A4,'Danh sách khảo sát'!$M$5:$M$388,"Đã chuyển địa chỉ") | H4: =COUNTIF('Quán phát hiện thêm'!$F$5:$F$204,A4) | I4: =IF(B4=0,0,C4/B4)
A5: Phường Diên Hồng | B5: =COUNTIF('Danh sách khảo sát'!$G$5:$G$388,A5) | C5: =COUNTIFS('Danh sách khảo sát'!$G$5:$G$388,A5,'Danh sách khảo sát'!$M$5:$M$388,"<>") | D5: =COUNTIFS('Danh sách khảo sát'!$G$5:$G$388,A5,'Danh sách khảo sát'!$M$5:$M$388,"Đã thu thập đủ") | E5: =COUNTIFS('Danh sách khảo sát'!$G$5:$G$388,A5,'Danh sách khảo sát'!$M$5:$M$388,"Chủ quán hẹn lại") | F5: =COUNTIFS('Danh sách khảo sát'!$G$5:$G$388,A5,'Danh sách khảo sát'!$M$5:$M$388,"Từ chối cung cấp") | G5: =COUNTIFS('Danh sách khảo sát'!$G$5:$G$388,A5,'Danh sách khảo sát'!$M$5:$M$388,"Đã đóng cửa")+COUNTIFS('Danh sách khảo sát'!$G$5:$G$388,A5,'Danh sách khảo sát'!$M$5:$M$388,"Không tìm thấy")+COUNTIFS('Danh sách khảo sát'!$G$5:$G$388,A5,'Danh sách khảo sát'!$M$5:$M$388,"Không phải quán ăn")+COUNTIFS('Danh sách khảo sát'!$G$5:$G$388,A5,'Danh sách khảo sát'!$M$5:$M$388,"Đã chuyển địa chỉ") | H5: =COUNTIF('Quán phát hiện thêm'!$F$5:$F$204,A5) | I5: =IF(B5=0,0,C5/B5)
A6: Phường Thống Nhất | B6: =COUNTIF('Danh sách khảo sát'!$G$5:$G$388,A6) | C6: =COUNTIFS('Danh sách khảo sát'!$G$5:$G$388,A6,'Danh sách khảo sát'!$M$5:$M$388,"<>") | D6: =COUNTIFS('Danh sách khảo sát'!$G$5:$G$388,A6,'Danh sách khảo sát'!$M$5:$M$388,"Đã thu thập đủ") | E6: =COUNTIFS('Danh sách khảo sát'!$G$5:$G$388,A6,'Danh sách khảo sát'!$M$5:$M$388,"Chủ quán hẹn lại") | F6: =COUNTIFS('Danh sách khảo sát'!$G$5:$G$388,A6,'Danh sách khảo sát'!$M$5:$M$388,"Từ chối cung cấp") | G6: =COUNTIFS('Danh sách khảo sát'!$G$5:$G$388,A6,'Danh sách khảo sát'!$M$5:$M$388,"Đã đóng cửa")+COUNTIFS('Danh sách khảo sát'!$G$5:$G$388,A6,'Danh sách khảo sát'!$M$5:$M$388,"Không tìm thấy")+COUNTIFS('Danh sách khảo sát'!$G$5:$G$388,A6,'Danh sách khảo sát'!$M$5:$M$388,"Không phải quán ăn")+COUNTIFS('Danh sách khảo sát'!$G$5:$G$388,A6,'Danh sách khảo sát'!$M$5:$M$388,"Đã chuyển địa chỉ") | H6: =COUNTIF('Quán phát hiện thêm'!$F$5:$F$204,A6) | I6: =IF(B6=0,0,C6/B6)
A7: Phường Hội Phú | B7: =COUNTIF('Danh sách khảo sát'!$G$5:$G$388,A7) | C7: =COUNTIFS('Danh sách khảo sát'!$G$5:$G$388,A7,'Danh sách khảo sát'!$M$5:$M$388,"<>") | D7: =COUNTIFS('Danh sách khảo sát'!$G$5:$G$388,A7,'Danh sách khảo sát'!$M$5:$M$388,"Đã thu thập đủ") | E7: =COUNTIFS('Danh sách khảo sát'!$G$5:$G$388,A7,'Danh sách khảo sát'!$M$5:$M$388,"Chủ quán hẹn lại") | F7: =COUNTIFS('Danh sách khảo sát'!$G$5:$G$388,A7,'Danh sách khảo sát'!$M$5:$M$388,"Từ chối cung cấp") | G7: =COUNTIFS('Danh sách khảo sát'!$G$5:$G$388,A7,'Danh sách khảo sát'!$M$5:$M$388,"Đã đóng cửa")+COUNTIFS('Danh sách khảo sát'!$G$5:$G$388,A7,'Danh sách khảo sát'!$M$5:$M$388,"Không tìm thấy")+COUNTIFS('Danh sách khảo sát'!$G$5:$G$388,A7,'Danh sách khảo sát'!$M$5:$M$388,"Không phải quán ăn")+COUNTIFS('Danh sách khảo sát'!$G$5:$G$388,A7,'Danh sách khảo sát'!$M$5:$M$388,"Đã chuyển địa chỉ") | H7: =COUNTIF('Quán phát hiện thêm'!$F$5:$F$204,A7) | I7: =IF(B7=0,0,C7/B7)
A8: Phường An Phú | B8: =COUNTIF('Danh sách khảo sát'!$G$5:$G$388,A8) | C8: =COUNTIFS('Danh sách khảo sát'!$G$5:$G$388,A8,'Danh sách khảo sát'!$M$5:$M$388,"<>") | D8: =COUNTIFS('Danh sách khảo sát'!$G$5:$G$388,A8,'Danh sách khảo sát'!$M$5:$M$388,"Đã thu thập đủ") | E8: =COUNTIFS('Danh sách khảo sát'!$G$5:$G$388,A8,'Danh sách khảo sát'!$M$5:$M$388,"Chủ quán hẹn lại") | F8: =COUNTIFS('Danh sách khảo sát'!$G$5:$G$388,A8,'Danh sách khảo sát'!$M$5:$M$388,"Từ chối cung cấp") | G8: =COUNTIFS('Danh sách khảo sát'!$G$5:$G$388,A8,'Danh sách khảo sát'!$M$5:$M$388,"Đã đóng cửa")+COUNTIFS('Danh sách khảo sát'!$G$5:$G$388,A8,'Danh sách khảo sát'!$M$5:$M$388,"Không tìm thấy")+COUNTIFS('Danh sách khảo sát'!$G$5:$G$388,A8,'Danh sách khảo sát'!$M$5:$M$388,"Không phải quán ăn")+COUNTIFS('Danh sách khảo sát'!$G$5:$G$388,A8,'Danh sách khảo sát'!$M$5:$M$388,"Đã chuyển địa chỉ") | H8: =COUNTIF('Quán phát hiện thêm'!$F$5:$F$204,A8) | I8: =IF(B8=0,0,C8/B8)
A9: Xã Biển Hồ | B9: =COUNTIF('Danh sách khảo sát'!$G$5:$G$388,A9) | C9: =COUNTIFS('Danh sách khảo sát'!$G$5:$G$388,A9,'Danh sách khảo sát'!$M$5:$M$388,"<>") | D9: =COUNTIFS('Danh sách khảo sát'!$G$5:$G$388,A9,'Danh sách khảo sát'!$M$5:$M$388,"Đã thu thập đủ") | E9: =COUNTIFS('Danh sách khảo sát'!$G$5:$G$388,A9,'Danh sách khảo sát'!$M$5:$M$388,"Chủ quán hẹn lại") | F9: =COUNTIFS('Danh sách khảo sát'!$G$5:$G$388,A9,'Danh sách khảo sát'!$M$5:$M$388,"Từ chối cung cấp") | G9: =COUNTIFS('Danh sách khảo sát'!$G$5:$G$388,A9,'Danh sách khảo sát'!$M$5:$M$388,"Đã đóng cửa")+COUNTIFS('Danh sách khảo sát'!$G$5:$G$388,A9,'Danh sách khảo sát'!$M$5:$M$388,"Không tìm thấy")+COUNTIFS('Danh sách khảo sát'!$G$5:$G$388,A9,'Danh sách khảo sát'!$M$5:$M$388,"Không phải quán ăn")+COUNTIFS('Danh sách khảo sát'!$G$5:$G$388,A9,'Danh sách khảo sát'!$M$5:$M$388,"Đã chuyển địa chỉ") | H9: =COUNTIF('Quán phát hiện thêm'!$F$5:$F$204,A9) | I9: =IF(B9=0,0,C9/B9)
A10: Tổng | B10: =SUM(B4:B9) | C10: =SUM(C4:C9) | D10: =SUM(D4:D9) | E10: =SUM(E4:E9) | F10: =SUM(F4:F9) | G10: =SUM(G4:G9) | H10: =SUM(H4:H9) | I10: =IF(B10=0,0,C10/B10)
A12: Bảng tự cập nhật theo cột "Kết quả" của sheet Danh sách khảo sát và sheet Quán phát hiện thêm.

Sheet Phiếu cung cấp thông tin
A1: PHIẾU CUNG CẤP THÔNG TIN QUÁN ĂN – BẢN ĐỒ SỐ GIA LAI
A2: Mã KS: ____________ Ngày: ___ / ___ / 20___ Người khảo sát: ______________________
A4: A. THÔNG TIN QUÁN
A5: Tên trên biển hiệu
A6: Danh mục | C6: ☐ Nhà hàng ☐ Quán cà phê ☐ Quán nước
A7: Loại món chính / món đặc trưng
A8: Số nhà – Tên đường
A9: Phường / xã (mới)
A10: Vĩ độ – Kinh độ (đo GPS tại cửa)
A11: Số điện thoại quán
A12: Website / Facebook
A14: B. GIỜ MỞ CỬA (ghi HH:MM-HH:MM hoặc "Nghỉ")
B15: Thứ 2 | C15: Thứ 3 | D15: Thứ 4 | E15: Thứ 5 | F15: Thứ 6 | G15: Thứ 7 | H15: Chủ nhật
A16: Giờ mở – đóng
A18: C. GIÁ & TIỆN ÍCH
A19: Giá mỗi người (đồng): từ … đến …
A20: Tiện ích | C20: ☐ Wifi ☐ Máy lạnh ☐ Đỗ ô tô ☐ Thẻ / QR ☐ Giao hàng ☐ Có món chay
A21: Số chỗ ngồi (ước lượng)
A22: Giấy chứng nhận ATTP | C22: ☐ Có ☐ Không ☐ Không rõ
A23: Giới thiệu ngắn về quán (≤ 160 ký tự)
A24: Ảnh | C24: ☐ Người khảo sát chụp ☐ Chủ quán gửi ảnh ☐ Không có ảnh
A26: D. ĐỒNG Ý CÔNG KHAI THÔNG TIN
A27: Tôi đồng ý để thông tin ở mục A, B, C (kể cả số điện thoại và ảnh nếu có) được hiển thị miễn phí trên Bản đồ số Gia Lai (đề tài sinh viên Đại học Duy Tân). Tôi có thể yêu cầu sửa hoặc gỡ thông tin bất kỳ lúc nào qua người khảo sát.
A30: Chủ quán | C30: ☐ Đồng ý ☐ Không đồng ý công khai SĐT/ảnh
A31: Họ tên chủ quán / người đại diện | E31: Chữ ký
A36: Ghi chú của người khảo sát:

Sheet Đã loại
A1: Tên | B1: Địa chỉ ghi trong danh sách | C1: Lý do loại
A2: Nhà Hàng Hoa Lư 2 | B2: 16 Trương Văn Của, Phường Hoa Lư, TP. Pleiku | C2: Toạ độ nằm ở Phường Quy Nhơn Nam, ngoài TP Pleiku cũ
A3: Nhà hàng Hoa Lư 1 - Quy Nhơn | B3: 49 Đường Hoa Lư, Phường Hoa Lư, TP. Pleiku | C3: Toạ độ nằm ở Phường Quy Nhơn, ngoài TP Pleiku cũ
